Titre,État,Région,Site,Description,Date,Support,Affiliation religieuse,Lieu de conservation,Auteur
ASOK_UTT059a,Uttar Pradesh,Uttar Pradesh,Kauśambī,,1 A.D.,Portail ; architrave,bouddhisme,Allahabad Municipal Museum,Maronet Léa
ASOK_UTT031b,Uttar Pradesh,Mathurā,Vrindavan,Bodhisattva assis,1 A.D. ; 2 A.D.,Sculpture en ronde-bosse,bouddhisme,Mathura Government Museum,Maronet Léa
ASOK_UTT031a,Uttar Pradesh,Mathurā,Vrindavan,Bodhisattva assis,1 A.D. ; 2 A.D.,Sculpture en ronde-bosse,bouddhisme,Mathura Government Museum,Maronet Léa
ASOK_UTT026,Uttar Pradesh,Mathurā,Govindnāgar,Balustrade avec médaillons et demi-médaillons,1 A.D. ; 2 A.D.,Balustrade ; pilier,indéterminée,Mathura Government Museum,Maronet Léa
ASOK_UTT014,Uttar Pradesh,Mathurā,Govindnāgar,Balustrade avec médaillons et demi-médaillons,1 A.D. ; 2 A.D.,Balustrade ; pilier,indéterminée,Mathura Government Museum,Maronet Léa
ASOK_UTT011,Uttar Pradesh,Mathurā,Govindnāgar,Balustrade avec médaillons et demi-médaillons,1 A.D. ; 2 A.D.,Balustrade ; pilier,indéterminée,Mathura Government Museum,Maronet Léa
ASOK_UTT006a,Uttar Pradesh,Mathurā,Jamalpur,Pilier de balustrade,1 A.D. ; 2 A.D.,Balustrade ; pilier,indéterminée,Lucknow State Museum,Maronet Léa
ASOK_UTT005,Uttar Pradesh,Mathurā,Jamalpur,Balustrade avec médaillons lotiformes,1 A.D. ; 2 A.D.,Balustrade ; pilier,indéterminée,Lucknow State Museum,Maronet Léa
ASOK_UTT003,Uttar Pradesh,Mathurā,Jamalpur,Balustrade avec médaillons lotiformes,1 A.D. ; 2 A.D.,Balustrade ; pilier,indéterminée,Lucknow State Museum,Maronet Léa
ASOK_UDA072,Odhisa,Kaliṅga,Udayagiri,Combat entre un homme et un éléphant,2 B.C. ; 1 B.C. ; 1 A.D.,Grotte 1,jaïnisme,In situ,Maronet Léa
ASOK_UDA069,Odhisa,Kaliṅga,Udayagiri,Animaux ailés,2 B.C. ; 1 B.C. ; 1 A.D.,Grotte 1,jaïnisme,In situ,Maronet Léa
ASOK_UDA064,Odhisa,Kaliṅga,Udayagiri,Dessus de porte et frise ; scène de bataille,2 B.C. ; 1 B.C. ; 1 A.D.,Grotte 1,jaïnisme,In situ,Maronet Léa
ASOK_UDA023a,Odhisa,Kaliṅga,Udayagiri,Dessus de porte,2 B.C. ; 1 B.C. ; 1 A.D.,Grotte,jaïnisme,In situ,Maronet Léa
ASOK_UDA001c,Odhisa,Kaliṅga,Udayagiri,Scène avec une armée,2 B.C. ; 1 B.C. ; 1 A.D.,Grotte 10 ; tympan,jaïnisme,In situ,Maronet Léa
ASOK_TEL011,Telangana,Āndhradeśa,Phanigiri,Lion,3 A.D.,Stūpa ; frise,bouddhisme,Telangana Department of Heritage,Maronet Léa
ASOK_TEL010,Telangana,Āndhradeśa,Phanigiri,Éléphant,3 A.D.,Stūpa ; frise,bouddhisme,Telangana Department of Heritage,Maronet Léa
ASOK_TEL009,Telangana,Āndhradeśa,Phanigiri,Demi-médaillons lotiformes et lion,3 A.D.,Stūpa ; frise,bouddhisme,Telangana Department of Heritage,Maronet Léa
ASOK_TEL008,Telangana,Āndhradeśa,Phanigiri,Médaillon et demi-médaillons lotiformes,3 A.D.,Stūpa ; frise,bouddhisme,Telangana Department of Heritage,Maronet Léa
ASOK_TEL007,Telangana,Āndhradeśa,Phanigiri,Médaillon et demi-médaillons lotiformes,3 A.D.,Stūpa ; frise,bouddhisme,Telangana Department of Heritage,Maronet Léa
ASOK_TEL006,Telangana,Āndhradeśa,Phanigiri,Médaillon et demi-médaillons lotiformes ; éléphant et lion,3 A.D.,Stūpa ; frise,bouddhisme,Telangana Department of Heritage,Maronet Léa
ASOK_TEL005,Telangana,Āndhradeśa,Phanigiri,Médaillon et demi-médaillons lotiformes et éléphant,3 A.D.,Stūpa ; frise,bouddhisme,Telangana Department of Heritage,Maronet Léa
ASOK_TEL004,Telangana,Āndhradeśa,Phanigiri,Médaillon et demi-médaillons lotiformes et taureaux,3 A.D.,Stūpa ; frise,bouddhisme,Telangana Department of Heritage,Maronet Léa
ASOK_TEL003,Telangana,Āndhradeśa,Phanigiri,Demi-médaillons lotiformes et taureau,3 A.D.,Stūpa ; frise,bouddhisme,Telangana Department of Heritage,Maronet Léa
ASOK_TEL002a,Telangana,Āndhradeśa,Dhulikatta,Médaillon et demi-médaillons lotiformes,1 B.C.,Stūpa ; panneau ; bordure,bouddhisme,Amaravati Heritage Centre and Museum,Maronet Léa
ASOK_TEL002,Telangana,Āndhradeśa,Dhulikatta,Médaillon et demi-médaillons lotiformes,1 B.C.,Stūpa ; panneau ; bordure,bouddhisme,Amaravati Heritage Centre and Museum,Maronet Léa
ASOK_TEL001,Telangana,Āndhradeśa,Dhulikatta,Pilier d'Aśoka avec roue et dévots,1 B.C.,Stūpa ; panneau,bouddhisme,Amaravati Heritage Centre and Museum,Maronet Léa
ASOK_SAN249,Madhya Pradesh,Madhyapradeśa,Sāñcī,Portail,1 B.C.,Stūpa 1 ; portail Sud ; face arrière,bouddhisme,In situ,Maronet Léa
ASOK_SAN241,Madhya Pradesh,Madhyapradeśa,Sāñcī,Portail,1 B.C.,Stūpa 1 ; portail Ouest ; face avant,bouddhisme,In situ,Maronet Léa
ASOK_SAN240,Madhya Pradesh,Madhyapradeśa,Sāñcī,Portail,1 B.C.,Stūpa 1 ; portail Ouest ; face arrière,bouddhisme,In situ,Maronet Léa
ASOK_SAN239,Madhya Pradesh,Madhyapradeśa,Sāñcī,Portail,1 B.C.,Stūpa 1 ; portail Est ; face avant,bouddhisme,In situ,Maronet Léa
ASOK_SAN159,Madhya Pradesh,Madhyapradeśa,Sāñcī,Portail,1 A.D.,Stūpa 1 ; portail Ouest ; face avant,bouddhisme,In situ,Maronet Léa
ASOK_SAN153,Madhya Pradesh,Madhyapradeśa,Sāñcī,Portail,1 A.D.,Stūpa 1 ; portail Ouest ; face avant,bouddhisme,In situ,Maronet Léa
ASOK_NAG081f,Andhra Pradesh,Āndhradeśa,Nāgārjunakoṇḍa,,3 A.D.,Stūpa ; panneau,bouddhisme,Nagarjunakonda Archaeological Museum,Maronet Léa
ASOK_NAG079b,Andhra Pradesh,Āndhradeśa,Nāgārjunakoṇḍa,,3 A.D.,Stūpa ; panneau,bouddhisme,Nagarjunakonda Archaeological Museum,Maronet Léa
ASOK_NAG050,Andhra Pradesh,Āndhradeśa,Nāgārjunakoṇḍa,,3 A.D.,Stūpa ; panneau,bouddhisme,Nagarjunakonda Archaeological Museum,Maronet Léa
ASOK_NAG048,Andhra Pradesh,Āndhradeśa,Nāgārjunakoṇḍa,,3 A.D.,Stūpa ; panneau,bouddhisme,Nagarjunakonda Archaeological Museum,Maronet Léa
ASOK_NAG036a,Andhra Pradesh,Āndhradeśa,Nāgārjunakoṇḍa,,3 A.D.,Stūpa ; panneau,bouddhisme,Nagarjunakonda Archaeological Museum,Maronet Léa
ASOK_NAG035d,Andhra Pradesh,Āndhradeśa,Nāgārjunakoṇḍa,,3 A.D.,Stūpa ; panneau,bouddhisme,Nagarjunakonda Archaeological Museum,Maronet Léa
ASOK_NAG035a,Andhra Pradesh,Āndhradeśa,Nāgārjunakoṇḍa,,3 A.D.,Stūpa ; panneau,bouddhisme,Nagarjunakonda Archaeological Museum,Maronet Léa
ASOK_NAG032d,Andhra Pradesh,Āndhradeśa,Nāgārjunakoṇḍa,,3 A.D.,Stūpa ; panneau,bouddhisme,Nagarjunakonda Archaeological Museum,Maronet Léa
ASOK_NAG028a,Andhra Pradesh,Āndhradeśa,Nāgārjunakoṇḍa,,3 A.D.,Stūpa ; panneau,bouddhisme,Nagarjunakonda Archaeological Museum,Maronet Léa
ASOK_NAG026b,Andhra Pradesh,Āndhradeśa,Nāgārjunakoṇḍa,,3 A.D.,Stūpa ; panneau,bouddhisme,Nagarjunakonda Archaeological Museum,Maronet Léa
ASOK_NAG023e,Andhra Pradesh,Āndhradeśa,Nāgārjunakoṇḍa,Frise avec scènes narratives,3 A.D.,Stūpa ; panneau,bouddhisme,Nagarjunakonda Archaeological Museum,Maronet Léa
ASOK_NAG010,Andhra Pradesh,Āndhradeśa,Nāgārjunakoṇḍa,Scène de la tentation du Buddha par Māra,3 A.D.,Stūpa ; panneau,bouddhisme,The Metropolitan Museum of Art (MET),Maronet Léa
ASOK_NAG009,Andhra Pradesh,Āndhradeśa,Nāgārjunakoṇḍa,Scène du Grand Départ du Buddha,3 A.D.,Stūpa ; panneau,bouddhisme,The Metropolitan Museum of Art (MET),Maronet Léa
ASOK_NAG004b,Andhra Pradesh,Āndhradeśa,Nāgārjunakoṇḍa,Demi-médaillon lotiforme et lion,3 A.D.,Pilier,bouddhisme,In situ,Maronet Léa
ASOK_NAG003a,Andhra Pradesh,Āndhradeśa,Nāgārjunakoṇḍa,Demi-médaillon lotiforme,3 A.D.,Pilier,bouddhisme,In situ,Maronet Léa
ASOK_NAG002b,Andhra Pradesh,Āndhradeśa,Nāgārjunakoṇḍa,Demi-médaillon lotiforme et lion,3 A.D.,Pilier,bouddhisme,In situ,Maronet Léa
ASOK_MAT069,Uttar Pradesh,Mathurā,Mathurā,Lakṣmī ?,1 A.D. ; 2 A.D.,Panneau,indéterminée,Mathura Government Museum,Maronet Léa
ASOK_MAT061a,Uttar Pradesh,Mathurā,Mathurā,Figure avec lion,1 A.D. ; 2 A.D.,Sculpture en ronde-bosse,indéterminée,Mathura Government Museum,Maronet Léa
ASOK_MAT060a,Uttar Pradesh,Mathurā,Mathurā,Frise avec éléphants,2 B.C. ; 1 B.C.,Frise,indéterminée,Mathura Government Museum,Maronet Léa
ASOK_MAT060,Uttar Pradesh,Mathurā,Mathurā,Frise avec éléphants,2 B.C. ; 1 B.C.,Frise,indéterminée,Mathura Government Museum,Maronet Léa
ASOK_MAT058,Uttar Pradesh,Mathurā,Mathurā,Balustrade avec médaillons,1 B.C.,Balustrade,indéterminée,Mathura Government Museum,Maronet Léa
ASOK_MAT056,Uttar Pradesh,Mathurā,Mathurā,Pilier avec médaillons et demi-médaillons lotiformes,1 B.C.,Balustrade ; pilier,indéterminée,Mathura Government Museum,Maronet Léa
ASOK_MAT051d,Uttar Pradesh,Mathurā,Mathurā,Montant de porte avec scènes,1 A.D.,Montant de porte,indéterminée,Lucknow State Museum,Maronet Léa
ASOK_MAT049a,Uttar Pradesh,Mathurā,Mathurā,Balustrade,1 A.D.,Balustrade,indéterminée,Lucknow State Museum,Maronet Léa
ASOK_MAT035,Uttar Pradesh,Mathurā,Mathurā,Balustrade avec médaillons et demi-médaillons lotiformes,1 A.D. ; 2 A.D. ; 3 A.D.,Stūpa ; balustrade,bouddhisme,Cleveland Museum of Art,Maronet Léa
ASOK_MAT034,Uttar Pradesh,Mathurā,Mathurā,Balustrade avec médaillons et demi-médaillons lotiformes avec personnage féminin,1 A.D. ; 2 A.D. ; 3 A.D.,Stūpa ; balustrade,bouddhisme,Cleveland Museum of Art,Maronet Léa
ASOK_KHAN005,Odhisa,Kaliṅga,Khaṇḍagiri,Haut de chapiteau,2 B.C. ; 1 B.C. ; 1 A.D.,Grotte,jaïnisme,In situ,Maronet Léa
ASOK_KANK008b,Uttar Pradesh,Mathurā,Kaṅkālī Ṭīlā,Combat entre garuḍa et nāga,1 A.D.,Stūpa,jaïnisme,Lucknow State Museum,Maronet Léa
ASOK_KANK007c,Uttar Pradesh,Mathurā,Kaṅkālī Ṭīlā,Pilier,1 B.C. ; 1 A.D.,Stūpa ; pilier,jaïnisme,Lucknow State Museum,Maronet Léa
ASOK_KANE006,Maharashtra,Mahārāṣṭra,Kānherī,Haut de chapiteau avec éléphants ondoyant un stūpa et nāgas en dévotion,1 B.C.,Grotte ; pilier ; chapiteau,bouddhisme,In situ,Maronet Léa
ASOK_KANE005,Maharashtra,Mahārāṣṭra,Kānherī,Haut de chapiteau avec éléphant et personnages,1 B.C.,Grotte ; pilier ; chapiteau,bouddhisme,In situ,Maronet Léa
ASOK_KANE004,Maharashtra,Mahārāṣṭra,Kānherī,Haut de chapiteau avec éléphant et personnages,1 B.C.,Grotte ; pilier ; chapiteau,bouddhisme,In situ,Maronet Léa
ASOK_KANE003,Maharashtra,Mahārāṣṭra,Kānherī,Haut de chapiteau avec éléphant et personnages,1 B.C.,Grotte ; pilier ; chapiteau,bouddhisme,In situ,Maronet Léa
ASOK_KAN121,Karnataka,Āndhradeśa,Kaṇagaṇahaḷḷi,Médaillon et demi-médaillons lotiformes,1 B.C. ; 1 A.D. ; 2 A.D. ; 3 A.D. ,Stūpa ; panneau,bouddhisme,In situ, Luczanits Christian
ASOK_KAN078a,Karnataka,Āndhradeśa,Kaṇagaṇahaḷḷi,Frise avec scènes narratives,1 B.C. ; 1 A.D. ; 2 A.D. ; 3 A.D. ,Stūpa ; panneau,bouddhisme,In situ,Maronet Léa
ASOK_KAN064,Karnataka,Āndhradeśa,Kaṇagaṇahaḷḷi,Frise avec animaux et motifs,1 B.C. ; 1 A.D. ; 2 A.D. ; 3 A.D. ,Stūpa ; panneau,bouddhisme,In situ,Maronet Léa
ASOK_KAN060,Karnataka,Āndhradeśa,Kaṇagaṇahaḷḷi,Frise avec animaux et motifs,1 B.C. ; 1 A.D. ; 2 A.D. ; 3 A.D. ,Stūpa ; panneau,bouddhisme,In situ,Maronet Léa
ASOK_KAN059,Karnataka,Āndhradeśa,Kaṇagaṇahaḷḷi,Frise avec animaux et motifs,1 B.C. ; 1 A.D. ; 2 A.D. ; 3 A.D. ,Stūpa ; panneau,bouddhisme,In situ,Maronet Léa
ASOK_KAN051e,Karnataka,Āndhradeśa,Kaṇagaṇahaḷḷi,Ṣaḍdantajātaka I et II,1 B.C. ; 1 A.D. ; 2 A.D. ; 3 A.D. ,Stūpa ; panneau,bouddhisme,In situ,Maronet Léa
ASOK_KAN051d,Karnataka,Āndhradeśa,Kaṇagaṇahaḷḷi,Ṣaḍdantajātaka I et II,1 B.C. ; 1 A.D. ; 2 A.D. ; 3 A.D. ,Stūpa ; panneau,bouddhisme,In situ,Maronet Léa
ASOK_KAN049a,Karnataka,Āndhradeśa,Kaṇagaṇahaḷḷi,Acrobates et grand départ du Buddha,1 B.C. ; 1 A.D. ; 2 A.D. ; 3 A.D. ,Stūpa ; panneau,bouddhisme,In situ,Maronet Léa
ASOK_KAN047c,Karnataka,Āndhradeśa,Kaṇagaṇahaḷḷi,Tentation de Māra et vénération du Buddha,1 B.C. ; 1 A.D. ; 2 A.D. ; 3 A.D. ,Stūpa ; panneau,bouddhisme,In situ,Maronet Léa
ASOK_KAN046h,Karnataka,Āndhradeśa,Kaṇagaṇahaḷḷi,Armées et partage des reliques,1 B.C. ; 1 A.D. ; 2 A.D. ; 3 A.D. ,Stūpa ; panneau,bouddhisme,In situ,Maronet Léa
ASOK_KAN045aa,Karnataka,Āndhradeśa,Kaṇagaṇahaḷḷi,Transport des reliques,1 B.C. ; 1 A.D. ; 2 A.D. ; 3 A.D. ,Stūpa ; panneau,bouddhisme,In situ,Luczanits Christian
ASOK_KAN039e,Karnataka,Āndhradeśa,Kaṇagaṇahaḷḷi,Haṃsajātaka,1 B.C. ; 1 A.D. ; 2 A.D. ; 3 A.D. ,Stūpa ; panneau,bouddhisme,In situ,Maronet Léa
ASOK_KAN036c,Karnataka,Āndhradeśa,Kaṇagaṇahaḷḷi,Simukha Sātavāhana,1 B.C. ; 1 A.D. ; 2 A.D. ; 3 A.D. ,Stūpa ; panneau,bouddhisme,In situ,Maronet Léa
ASOK_KAN032a,Karnataka,Āndhradeśa,Kaṇagaṇahaḷḷi,Cakravartin,1 B.C. ; 1 A.D. ; 2 A.D. ; 3 A.D. ,Stūpa ; panneau,bouddhisme,In situ,Maronet Léa
ASOK_KAN012c,Karnataka,Āndhradeśa,Kaṇagaṇahaḷḷi,Stūpa et ville,1 B.C. ; 1 A.D. ; 2 A.D. ; 3 A.D. ,Stūpa ; panneau,bouddhisme,In situ,Maronet Léa
ASOK_KAN008b,Karnataka,Āndhradeśa,Kaṇagaṇahaḷḷi,Mahākapijātaka,1 B.C. ; 1 A.D. ; 2 A.D. ; 3 A.D. ,Stūpa ; panneau,bouddhisme,In situ,Maronet Léa
ASOK_GAN212,Gandhāra,Gandhāra,Gandhāra,Scène de chasse,1 A.D. ; 2 A.D. ; 3 A.D. ,Frise,bouddhisme,Musée National des Arts Asiatiques - Guimet,Maronet Léa
ASOK_GAN211,Gandhāra,Gandhāra,Gandhāra,Scène de chasse,1 A.D. ; 2 A.D. ; 3 A.D. ,Frise,bouddhisme,Musée National des Arts Asiatiques - Guimet,Maronet Léa
ASOK_GAN210,Gandhāra,Gandhāra,Gandhāra,Scène de chasse,1 A.D. ; 2 A.D. ; 3 A.D. ,Frise,bouddhisme,Musée National des Arts Asiatiques - Guimet,Maronet Léa
ASOK_GAN209,Gandhāra,Gandhāra,Gandhāra,Scène de chasse,1 A.D. ; 2 A.D. ; 3 A.D. ,Frise,bouddhisme,Musée National des Arts Asiatiques - Guimet,Maronet Léa
ASOK_CHAN008a,Andhra Pradesh,Āndhradeśa,Chandavaram,Stūpa,1 B.C. ; 1 A.D. ; 2 A.D. ; 3 A.D. ,Stūpa ; panneau,bouddhisme,Telangana State Archaeology Museum,Maronet Léa
ASOK_CHAN008,Andhra Pradesh,Āndhradeśa,Chandavaram,Stūpa,1 B.C. ; 1 A.D. ; 2 A.D. ; 3 A.D. ,Stūpa ; panneau,bouddhisme,Telangana State Archaeology Museum,Maronet Léa
ASOK_CHAN007a,Andhra Pradesh,Āndhradeśa,Chandavaram,Panneau avec motifs décoratifs,1 A.D. ; 2 A.D.,Stūpa ; panneau,bouddhisme,Telangana State Archaeology Museum,Maronet Léa
ASOK_CHAN007,Andhra Pradesh,Āndhradeśa,Chandavaram,Panneau avec motifs décoratifs,1 A.D. ; 2 A.D.,Stūpa ; panneau,bouddhisme,Telangana State Archaeology Museum,Maronet Léa
ASOK_CHAN006,Andhra Pradesh,Āndhradeśa,Chandavaram,Pūrṇakumbha (vase),1 A.D.,Stūpa ; panneau,bouddhisme,Telangana State Archaeology Museum,Maronet Léa
ASOK_CHAN005a,Andhra Pradesh,Āndhradeśa,Chandavaram,Panneau avec scènes narratives,2 A.D.,Stūpa ; panneau,bouddhisme,Telangana State Archaeology Museum,Maronet Léa
ASOK_CHAN005,Andhra Pradesh,Āndhradeśa,Chandavaram,Panneau avec scènes narratives,2 A.D.,Stūpa ; panneau,bouddhisme,Telangana State Archaeology Museum,Maronet Léa
ASOK_CHAN004,Andhra Pradesh,Āndhradeśa,Chandavaram,Élément de balustrade,1 A.D.,Stūpa ; panneau,bouddhisme,Telangana State Archaeology Museum,Maronet Léa
ASOK_CHAN003,Andhra Pradesh,Āndhradeśa,Chandavaram,Montant de balustrade avec médaillon lotiforme,1 A.D. ; 2 A.D.,Stūpa ; panneau,bouddhisme,Telangana State Archaeology Museum,Maronet Léa
ASOK_CHAN002,Andhra Pradesh,Āndhradeśa,Chandavaram,Montant de balustrade avec médaillon lotiforme,1 A.D. ; 2 A.D.,Stūpa ; panneau,bouddhisme,Telangana State Archaeology Museum,Maronet Léa
ASOK_CHAN001a,Andhra Pradesh,Āndhradeśa,Chandavaram,Panneau avec scènes narratives,1 A.D.,Stūpa ; panneau,bouddhisme,Telangana State Archaeology Museum,Maronet Léa
ASOK_CHAN001,Andhra Pradesh,Āndhradeśa,Chandavaram,Panneau avec scènes narratives,1 A.D.,Stūpa ; panneau,bouddhisme,Telangana State Archaeology Museum,Maronet Léa
ASOK_BODA132,Bihar,Bihar,Bodhgayā,Sūrya sur son chariot,1 B.C.,Panneau,brahmanisme,Bodh Gaya Site Museum,Maronet Léa
ASOK_BODA131,Bihar,Bihar,Bodhgayā,,2 B.C. ; 1 B.C.,Stūpa ; balustrade,bouddhisme,Bodh Gaya Site Museum,Maronet Léa
ASOK_BODA059,Bihar,Bihar,Bodhgayā,Médaillon lotiforme avec éléphant ailé,1 B.C.,Stūpa ; balustrade ; pilier,bouddhisme,Victoria and Albert Museum,Maronet Léa
ASOK_BHA495,Madhya Pradesh,Madhyapradeśa,Bhārhut,,3 B.C. ; 2 B.C. ; 1 B.C.,Stūpa ; panneau,bouddhisme,Allahabad Municipal Museum,Maronet Léa
ASOK_BHA494,Madhya Pradesh,Madhyapradeśa,Bhārhut,,3 B.C. ; 2 B.C. ; 1 B.C.,Stūpa ; panneau,bouddhisme,The Metropolitan Museum of Art (MET),Maronet Léa
ASOK_BHA493,Madhya Pradesh,Madhyapradeśa,Bhārhut,,3 B.C. ; 2 B.C. ; 1 B.C.,Stūpa ; panneau,bouddhisme,The Metropolitan Museum of Art (MET),Maronet Léa
ASOK_BHA170,Madhya Pradesh,Madhyapradeśa,Bhārhut,Vénération de la roue,2 B.C.,Stūpa ; balustrade,bouddhisme,Kolkata Indian Museum,Ganguly Biswarup
ASOK_BHA169,Madhya Pradesh,Madhyapradeśa,Bhārhut,Frise avec personnages et motifs,2 B.C.,Stūpa ; frise,bouddhisme,Kolkata Indian Museum,Ganguly Biswarup
ASOK_BHA168,Madhya Pradesh,Madhyapradeśa,Bhārhut,Mugapakhajātaka,2 B.C.,Stūpa ; balustrade,bouddhisme,Kolkata Indian Museum,Ganguly Biswarup
ASOK_BHA164,Madhya Pradesh,Madhyapradeśa,Bhārhut,Médaillon lotiforme avec portrait de donateur/trice,2 B.C.,Stūpa ; balustrade,bouddhisme,Cleveland Museum of Art,Maronet Léa
ASOK_BHA163,Madhya Pradesh,Madhyapradeśa,Bhārhut,Éléphant,2 B.C.,Stūpa ; frise,bouddhisme,Allahabad Municipal Museum,Maronet Léa
ASOK_BHA162,Madhya Pradesh,Madhyapradeśa,Bhārhut,Vase d'abondance ; fleurs de lotus et oiseau,2 B.C.,Stūpa ; balustrade ; pilier,bouddhisme,Allahabad Municipal Museum,Maronet Léa
ASOK_BHA161,Madhya Pradesh,Madhyapradeśa,Bhārhut,Fleurs de lotus ; végétaux et yakṣa,2 B.C.,Stūpa ; balustrade ; pilier,bouddhisme,Allahabad Municipal Museum,Maronet Léa
ASOK_BHA160,Madhya Pradesh,Madhyapradeśa,Bhārhut,Frise avec médaillons lotiformes,2 B.C.,Stūpa ; frise,bouddhisme,Allahabad Municipal Museum,Maronet Léa
ASOK_BHA157,Madhya Pradesh,Madhyapradeśa,Bhārhut,Médaillon lotiforme avec portrait de donateur/trice,1 B.C.,Stūpa ; balustrade,bouddhisme,Cleveland Museum of Art,Maronet Léa
ASOK_AND021a,Andhra Pradesh,Āndhradeśa,Buddham,Pilier avec demi-médaillon lotiforme,1 A.D. ; 2 A.D.,Stūpa ; balustrade ; pilier,indéterminée,Guntur Baudhasree Archaeological Museum,Maronet Léa
ASOK_AND017,Andhra Pradesh,Āndhradeśa,Kottanandayapalem,Panneau avec motifs décoratifs et animaux,2 A.D.,Stūpa ; panneau,indéterminée,Guntur Baudhasree Archaeological Museum,Maronet Léa
ASOK_AND016,Andhra Pradesh,Āndhradeśa,Chebrolu,Nirvāṇa du Buddha,2 A.D. ; 3 A.D.,Stūpa ; balustrade,bouddhisme,Guntur Baudhasree Archaeological Museum,Maronet Léa
ASOK_AND015,Andhra Pradesh,Āndhradeśa,Uppugundur,Stūpa,2 A.D. ; 3 A.D.,Stūpa ; panneau,bouddhisme,Telangana State Archaeology Museum,Maronet Léa
ASOK_AND012,Andhra Pradesh,Āndhradeśa,Ghaṇṭasala,Demi-médaillon lotiforme,1 A.D. ; 2 A.D. ; 3 A.D. ,Pilier,bouddhisme,Ghantasala Archaeological Museum,Maronet Léa
ASOK_AND005,Andhra Pradesh,Āndhradeśa,Dupāḍu,Animaux ailés,1 A.D.,Stūpa ; frise,bouddhisme,Amaravati Heritage Centre and Museum,Maronet Léa
ASOK_AND004,Andhra Pradesh,Āndhradeśa,Dupāḍu,Animaux ailés,1 A.D.,Stūpa ; frise,bouddhisme,Amaravati Heritage Centre and Museum,Maronet Léa
ASOK_AND003,Andhra Pradesh,Āndhradeśa,Dupāḍu,Animaux ailés,1 A.D.,Stūpa ; frise,bouddhisme,Amaravati Heritage Centre and Museum,Maronet Léa
ASOK_AND002,Andhra Pradesh,Āndhradeśa,Dupāḍu,Portail avec cheval et médaillons lotiformes,1 A.D.,Stūpa ; frise,bouddhisme,Amaravati Heritage Centre and Museum,Maronet Léa
ASOK_AND001,Andhra Pradesh,Āndhradeśa,Ghaṇṭasala,Pilier d'Aśoka avec lions et roue,3 A.D.,Stūpa ; panneau ; bordure,bouddhisme,The Metropolitan Museum of Art (MET),Maronet Léa
ASOK_AMA198,Andhra Pradesh,Āndhradeśa,Amarāvatī,Stūpa ,1 A.D. ; 2 A.D.,Panneau,bouddhisme,New Delhi National Museum,Maronet Léa
ASOK_AMA072,Andhra Pradesh,Āndhradeśa,Amarāvatī,Stūpa figuré ; Buddha entourré de dévots et piliers avec lions,1 A.D. ; 2 A.D. ; 3 A.D.,Stūpa ; panneau,bouddhisme,The British Museum,Maronet Léa
ASOK_AMA071,Andhra Pradesh,Āndhradeśa,Amarāvatī,Éléphant et stūpa,1 A.D.,Stūpa ; pilier ; abaque,bouddhisme,The British Museum,Maronet Léa
ASOK_AMA060,Andhra Pradesh,Āndhradeśa,Amarāvatī,Montant de balustrade avec médaillon lotiforme,1 A.D. ; 2 A.D. ; 3 A.D.,Stūpa ; balustrade,bouddhisme,Chennai Government Museum,Maronet Léa
ASOK_AMA055,Andhra Pradesh,Āndhradeśa,Amarāvatī,Montant de balustrade avec médaillon lotiforme,1 A.D. ; 2 A.D. ; 3 A.D.,Stūpa ; balustrade,bouddhisme,Chennai Government Museum,Maronet Léa
ASOK_AMA054,Andhra Pradesh,Āndhradeśa,Amarāvatī,Pilier de balustrade avec demi-médaillon lotiforme ; scène du jātaka de Mandhata (cakravartin),1 A.D. ; 2 A.D. ; 3 A.D.,Stūpa ; balustrade ; pilier,bouddhisme,Chennai Government Museum,Maronet Léa
ASOK_AMA053,Andhra Pradesh,Āndhradeśa,Amarāvatī,Pilier de balustrade avec demi-médaillon lotiforme ; scènes de dévotion au Buddha aniconique et roi (cakravartin) entouré de sa cour,1 A.D. ; 2 A.D. ; 3 A.D.,Stūpa ; balustrade ; pilier,bouddhisme,Chennai Government Museum,Maronet Léa
ASOK_AMA052,Andhra Pradesh,Āndhradeśa,Amarāvatī,Pilier de balustrade avec médaillon et demi-médaillons lotiformes ; scène de dévotion au stupa et ganas,1 A.D. ; 2 A.D. ; 3 A.D.,Stūpa ; balustrade ; pilier,bouddhisme,Chennai Government Museum,Maronet Léa
ASOK_AMA014,Andhra Pradesh,Āndhradeśa,Amarāvatī,Grand médaillon lotiforme,2 A.D.,Stūpa ; balustrade,bouddhisme,The British Museum,Maronet Léa
ASOK_AMA013,Andhra Pradesh,Āndhradeśa,Amarāvatī,Grand médaillon lotiforme,2 A.D.,Stūpa ; balustrade,bouddhisme,The British Museum,Maronet Léa
ASOK_AMA011,Andhra Pradesh,Āndhradeśa,Amarāvatī,Pilier de balustrade avec médaillon lotiforme et scènes dans une cour royale,1 A.D. ; 2 A.D. ; 3 A.D.,Stūpa ; balustrade ; pilier,bouddhisme,The British Museum,Maronet Léa
ASOK_AMA009,Andhra Pradesh,Āndhradeśa,Amarāvatī,Pilier de balustrade avec médaillons lotiformes ; scènes de dévotion au Buddha aniconique ; avec roi nāga et nāginis,1 A.D. ; 2 A.D. ; 3 A.D.,Stūpa ; balustrade ; pilier,bouddhisme,The British Museum,Maronet Léa
ASOK_AMA007,Andhra Pradesh,Āndhradeśa,Amarāvatī,Pilier de balustrade avec médaillon lotiforme et scènes de dévotion au Buddha,1 A.D. ; 2 A.D. ; 3 A.D.,Stūpa ; balustrade ; pilier,bouddhisme,The British Museum,Maronet Léa
ASOK_AMA005,Andhra Pradesh,Āndhradeśa,Amarāvatī,Pilier de balustrade avec médaillons lotiformes et ganas,1 A.D. ; 2 A.D. ; 3 A.D.,Stūpa ; balustrade ; pilier,bouddhisme,The British Museum,Maronet Léa
ASOK_AMA003,Andhra Pradesh,Āndhradeśa,Amarāvatī,Pilier de balustrade avec médaillons lotiformes ; éléphants ; dévotion au stupa et ganas,1 A.D. ; 2 A.D. ; 3 A.D.,Stūpa ; balustrade ; pilier,bouddhisme,The British Museum,Maronet Léa
ASOK_AMA002,Andhra Pradesh,Āndhradeśa,Amarāvatī,Pilier de balustrade avec médaillons lotiformes et ganas,1 A.D. ; 2 A.D. ; 3 A.D.,Stūpa ; balustrade ; pilier,bouddhisme,The British Museum,Maronet Léa
ASOK_AMA001,Andhra Pradesh,Āndhradeśa,Amarāvatī,Balustrade avec médaillons lotiformes,1 A.D. ; 2 A.D. ; 3 A.D.,Stūpa ; balustrade ; pilier,bouddhisme,The British Museum,Maronet Léa
